Name of Sale,Prices
FastPong Table Tennis Training System (FP01) (shipping included) - Get a Newgy Robo-Pong 2055 for Free - Winter Wonders - Save 55%,2499.98
FastPong Table Tennis Training System (FP01) - DEMO MODEL - (shipping included) - Winter Wonders - Save 73%,899.98
Gewo Codexx Pro 55 Super Select Rubber,94.49
Onix Maverick Paddle - Winter Wonders - Save 20%,79.98
Victas V-Tracksuit 116 Navy Tracksuit Jacket - Winter Wonders - Save 32%,59.98
Donic PADDOX Tracksuit Jacket  - Winter Wonders - Save 43%,49.98
Victas V-Shirt 225 Blue Shirt - Winter Wonders - Save 41%,39.98
Butterfly Harimoto Tomokazu 2000 - February Finds - Save 22%,38.91
Donic PADDOX Tracksuit Pants  - Winter Wonders - Save 41%,34.98
Onix T-Shirt (Women) - Winter Wonders - Save 31%,23.98
Onix  T-Shirt (Men) - Winter Wonders - Save 31%,23.98
Victas Socks V-520,10.79
